{
    "Ar36": {
        "error": 0.0023886795131495167, 
        "filter_outliers_dict": {
            "filter_outliers": true, 
            "iterations": 2, 
            "std_devs": 2
        }, 
        "fit": "Parabolic", 
        "value": 1.31998682838411
    }, 
    "Ar37": {
        "error": 0.011053594354264316, 
        "filter_outliers_dict": {
            "filter_outliers": true, 
            "iterations": 2, 
            "std_devs": 2
        }, 
        "fit": "linear", 
        "value": 0.27401158830200806
    }, 
    "Ar38": {
        "error": 0.012858633579714352, 
        "filter_outliers_dict": {
            "filter_outliers": true, 
            "iterations": 2, 
            "std_devs": 2
        }, 
        "fit": "linear", 
        "value": 0.40926222078688546
    }, 
    "Ar39": {
        "error": 0.023993753943384405, 
        "filter_outliers_dict": {
            "filter_outliers": true, 
            "iterations": 2, 
            "std_devs": 2
        }, 
        "fit": "Parabolic", 
        "value": 8.882948633623283
    }, 
    "Ar40": {
        "error": 0.04393603563943714, 
        "filter_outliers_dict": {
            "filter_outliers": true, 
            "iterations": 2, 
            "std_devs": 2
        }, 
        "fit": "Parabolic", 
        "value": 418.2986245333523
    }
}