{
    "Ar36": {
        "error": 0.0007176861273081309, 
        "filter_outliers_dict": {
            "filter_outliers": true, 
            "iterations": 2, 
            "std_devs": 2
        }, 
        "fit": "Parabolic", 
        "value": 0.12483969012773732
    }, 
    "Ar37": {
        "error": 0.010864898214480261, 
        "filter_outliers_dict": {
            "filter_outliers": true, 
            "iterations": 2, 
            "std_devs": 2
        }, 
        "fit": "linear", 
        "value": 0.26627055609742367
    }, 
    "Ar38": {
        "error": 0.01270829174708387, 
        "filter_outliers_dict": {
            "filter_outliers": true, 
            "iterations": 2, 
            "std_devs": 2
        }, 
        "fit": "linear", 
        "value": 0.012831577762446644
    }, 
    "Ar39": {
        "error": 0.025601350326679335, 
        "filter_outliers_dict": {
            "filter_outliers": true, 
            "iterations": 2, 
            "std_devs": 2
        }, 
        "fit": "Parabolic", 
        "value": 3.7767907085662507
    }, 
    "Ar40": {
        "error": 0.022750120856729398, 
        "filter_outliers_dict": {
            "filter_outliers": true, 
            "iterations": 2, 
            "std_devs": 2
        }, 
        "fit": "Parabolic", 
        "value": 47.588793635432765
    }
}