{
    "Ar36": {
        "error": 0.0008138657223748047, 
        "filter_outliers_dict": {
            "filter_outliers": true, 
            "iterations": 2, 
            "std_devs": 2
        }, 
        "fit": "Parabolic", 
        "value": 0.1319809355944783
    }, 
    "Ar37": {
        "error": 0.011451810019679126, 
        "filter_outliers_dict": {
            "filter_outliers": true, 
            "iterations": 2, 
            "std_devs": 2
        }, 
        "fit": "linear", 
        "value": -0.07890108050293143
    }, 
    "Ar38": {
        "error": 0.012555993513438784, 
        "filter_outliers_dict": {
            "filter_outliers": true, 
            "iterations": 2, 
            "std_devs": 2
        }, 
        "fit": "linear", 
        "value": 0.16147244141635275
    }, 
    "Ar39": {
        "error": 0.02632209913024953, 
        "filter_outliers_dict": {
            "filter_outliers": true, 
            "iterations": 2, 
            "std_devs": 2
        }, 
        "fit": "Parabolic", 
        "value": 20.17259493069055
    }, 
    "Ar40": {
        "error": 0.02502318897631708, 
        "filter_outliers_dict": {
            "filter_outliers": true, 
            "iterations": 2, 
            "std_devs": 2
        }, 
        "fit": "Parabolic", 
        "value": 74.2070486500719
    }
}