{
    "Ar36": {
        "error": 0.00028137644771929443, 
        "filter_outliers_dict": {
            "filter_outliers": true, 
            "iterations": 2, 
            "std_devs": 2
        }, 
        "fit": "Parabolic", 
        "value": 0.012832563658472483
    }, 
    "Ar37": {
        "error": 0.011685775709188717, 
        "filter_outliers_dict": {
            "filter_outliers": true, 
            "iterations": 2, 
            "std_devs": 2
        }, 
        "fit": "linear", 
        "value": -0.5250015342355224
    }, 
    "Ar38": {
        "error": 0.01199388380219698, 
        "filter_outliers_dict": {
            "filter_outliers": true, 
            "iterations": 2, 
            "std_devs": 2
        }, 
        "fit": "linear", 
        "value": -0.11394990800292282
    }, 
    "Ar39": {
        "error": 0.02351523747868965, 
        "filter_outliers_dict": {
            "filter_outliers": true, 
            "iterations": 2, 
            "std_devs": 2
        }, 
        "fit": "Parabolic", 
        "value": 1.0182103921557082
    }, 
    "Ar40": {
        "error": 0.02099852867391884, 
        "filter_outliers_dict": {
            "filter_outliers": true, 
            "iterations": 2, 
            "std_devs": 2
        }, 
        "fit": "Parabolic", 
        "value": 14.617951539404142
    }
}