{
    "Ar36": {
        "error": 0.0005820832773948868, 
        "filter_outliers_dict": {
            "filter_outliers": true, 
            "iterations": 2, 
            "std_devs": 2
        }, 
        "fit": "Parabolic", 
        "value": 0.0786348576406315
    }, 
    "Ar37": {
        "error": 0.010567350080986552, 
        "filter_outliers_dict": {
            "filter_outliers": true, 
            "iterations": 2, 
            "std_devs": 2
        }, 
        "fit": "linear", 
        "value": 0.09891505234149893
    }, 
    "Ar38": {
        "error": 0.012671375463158741, 
        "filter_outliers_dict": {
            "filter_outliers": true, 
            "iterations": 2, 
            "std_devs": 2
        }, 
        "fit": "linear", 
        "value": 0.22859890049159343
    }, 
    "Ar39": {
        "error": 0.02175207130140666, 
        "filter_outliers_dict": {
            "filter_outliers": true, 
            "iterations": 2, 
            "std_devs": 2
        }, 
        "fit": "Parabolic", 
        "value": 18.24241763844899
    }, 
    "Ar40": {
        "error": 0.02425454016022942, 
        "filter_outliers_dict": {
            "filter_outliers": true, 
            "iterations": 2, 
            "std_devs": 2
        }, 
        "fit": "Parabolic", 
        "value": 74.48948325350773
    }
}