{
    "Ar36": {
        "error": 0.0005329634201865222, 
        "filter_outliers_dict": {
            "filter_outliers": true, 
            "iterations": 2, 
            "std_devs": 2
        }, 
        "fit": "Parabolic", 
        "value": 0.0677746660355585
    }, 
    "Ar37": {
        "error": 0.011138356403842474, 
        "filter_outliers_dict": {
            "filter_outliers": true, 
            "iterations": 2, 
            "std_devs": 2
        }, 
        "fit": "linear", 
        "value": -0.023556563926294273
    }, 
    "Ar38": {
        "error": 0.01288760945315233, 
        "filter_outliers_dict": {
            "filter_outliers": true, 
            "iterations": 2, 
            "std_devs": 2
        }, 
        "fit": "linear", 
        "value": 0.1490238817009807
    }, 
    "Ar39": {
        "error": 0.022025169712112356, 
        "filter_outliers_dict": {
            "filter_outliers": true, 
            "iterations": 2, 
            "std_devs": 2
        }, 
        "fit": "Parabolic", 
        "value": 13.67631633738469
    }, 
    "Ar40": {
        "error": 0.02106038529764795, 
        "filter_outliers_dict": {
            "filter_outliers": true, 
            "iterations": 2, 
            "std_devs": 2
        }, 
        "fit": "Parabolic", 
        "value": 57.422990679384256
    }
}